{
  "conjecture_id": "C26",
  "conjecture_latex": "if (((is_simple)  and  (f_2>=_42))  and  (sum_pk_k>=7 >= 1)), then p6 <= (3.333333333*sum_pk_after_p6 + -6.666666667)",
  "hypotheses": [
    "((is_simple)",
    "(f_2>=_42))",
    "(sum_pk_k>=7 >= 1)"
  ],
  "conclusion": "p6 <= (3.333333333*sum_pk_after_p6 + -6.666666667)",
  "status": "failed",
  "counterexample": {
    "p_vector": [
      0,
      0,
      13,
      29,
      1
    ],
    "p3": 0,
    "p4": 0,
    "p5": 13,
    "p6": 29,
    "p7": 1,
    "f2": 43,
    "num_vertices": 82,
    "num_edges": 123,
    "witness_graph": {
      "format": "edge_list",
      "num_vertices": 82,
      "edges": [
        [
          0,
          2
        ],
        [
          0,
          7
        ],
        [
          0,
          51
        ],
        [
          1,
          13
        ],
        [
          1,
          16
        ],
        [
          1,
          40
        ],
        [
          2,
          3
        ],
        [
          2,
          5
        ],
        [
          3,
          4
        ],
        [
          3,
          52
        ],
        [
          4,
          46
        ],
        [
          4,
          48
        ],
        [
          5,
          10
        ],
        [
          5,
          45
        ],
        [
          6,
          20
        ],
        [
          6,
          21
        ],
        [
          6,
          23
        ],
        [
          7,
          8
        ],
        [
          7,
          11
        ],
        [
          8,
          9
        ],
        [
          8,
          80
        ],
        [
          9,
          12
        ],
        [
          9,
          30
        ],
        [
          10,
          11
        ],
        [
          10,
          42
        ],
        [
          11,
          12
        ],
        [
          12,
          32
        ],
        [
          13,
          44
        ],
        [
          13,
          73
        ],
        [
          14,
          15
        ],
        [
          14,
          17
        ],
        [
          14,
          25
        ],
        [
          15,
          33
        ],
        [
          15,
          38
        ],
        [
          16,
          18
        ],
        [
          16,
          58
        ],
        [
          17,
          18
        ],
        [
          17,
          55
        ],
        [
          18,
          39
        ],
        [
          19,
          47
        ],
        [
          19,
          49
        ],
        [
          19,
          75
        ],
        [
          20,
          29
        ],
        [
          20,
          76
        ],
        [
          21,
          22
        ],
        [
          21,
          54
        ],
        [
          22,
          28
        ],
        [
          22,
          56
        ],
        [
          23,
          26
        ],
        [
          23,
          68
        ],
        [
          24,
          25
        ],
        [
          24,
          34
        ],
        [
          24,
          69
        ],
        [
          25,
          26
        ],
        [
          26,
          53
        ],
        [
          27,
          28
        ],
        [
          27,
          60
        ],
        [
          27,
          70
        ],
        [
          28,
          29
        ],
        [
          29,
          61
        ],
        [
          30,
          35
        ],
        [
          30,
          67
        ],
        [
          31,
          32
        ],
        [
          31,
          33
        ],
        [
          31,
          37
        ],
        [
          32,
          35
        ],
        [
          33,
          34
        ],
        [
          34,
          36
        ],
        [
          35,
          36
        ],
        [
          36,
          66
        ],
        [
          37,
          38
        ],
        [
          37,
          42
        ],
        [
          38,
          39
        ],
        [
          39,
          40
        ],
        [
          40,
          41
        ],
        [
          41,
          42
        ],
        [
          41,
          43
        ],
        [
          43,
          44
        ],
        [
          43,
          45
        ],
        [
          44,
          47
        ],
        [
          45,
          46
        ],
        [
          46,
          47
        ],
        [
          48,
          49
        ],
        [
          48,
          63
        ],
        [
          49,
          50
        ],
        [
          50,
          62
        ],
        [
          50,
          74
        ],
        [
          51,
          52
        ],
        [
          51,
          78
        ],
        [
          52,
          64
        ],
        [
          53,
          54
        ],
        [
          53,
          55
        ],
        [
          54,
          57
        ],
        [
          55,
          59
        ],
        [
          56,
          57
        ],
        [
          56,
          71
        ],
        [
          57,
          59
        ],
        [
          58,
          59
        ],
        [
          58,
          72
        ],
        [
          60,
          61
        ],
        [
          60,
          62
        ],
        [
          61,
          65
        ],
        [
          62,
          63
        ],
        [
          63,
          64
        ],
        [
          64,
          65
        ],
        [
          65,
          79
        ],
        [
          66,
          67
        ],
        [
          66,
          69
        ],
        [
          67,
          81
        ],
        [
          68,
          69
        ],
        [
          68,
          77
        ],
        [
          70,
          71
        ],
        [
          70,
          74
        ],
        [
          71,
          72
        ],
        [
          72,
          73
        ],
        [
          73,
          75
        ],
        [
          74,
          75
        ],
        [
          76,
          77
        ],
        [
          76,
          79
        ],
        [
          77,
          81
        ],
        [
          78,
          79
        ],
        [
          78,
          80
        ],
        [
          80,
          81
        ]
      ]
    }
  },
  "found_by": "llm_finder",
  "found_at_round": 2,
  "violation_detail": "p6=29.0 > RHS=-3.3333 (violation)",
  "found_at": "2026-06-12T12:15:45.995405+00:00",
  "other_candidates_not_checked": [
    {
      "5": 14,
      "6": 27,
      "7": 2
    },
    {
      "5": 15,
      "6": 25,
      "7": 3
    },
    {
      "5": 13,
      "6": 30,
      "7": 1
    },
    {
      "5": 16,
      "6": 23,
      "7": 4
    }
  ]
}