{
  "conjecture_id": "C31",
  "conjecture_latex": "if ((is_simple)  and  (f_2>=_24)), then p6 >= (2.823529412*p3 + -12*sum_pk_after_p6 + 12)",
  "hypotheses": [
    "(is_simple)",
    "(f_2>=_24)"
  ],
  "conclusion": "p6 >= (2.823529412*p3 + -12*sum_pk_after_p6 + 12)",
  "status": "failed",
  "counterexample": {
    "p_vector": [
      9,
      0,
      12,
      0,
      0,
      0,
      0,
      0,
      0,
      0,
      0,
      0,
      3
    ],
    "p3": 9,
    "p4": 0,
    "p5": 12,
    "p6": 0,
    "p7": 0,
    "p8": 0,
    "p9": 0,
    "p10": 0,
    "p11": 0,
    "p12": 0,
    "p13": 0,
    "p14": 0,
    "p15": 3,
    "f2": 24,
    "num_vertices": 44,
    "num_edges": 66,
    "witness_graph": {
      "format": "edge_list",
      "num_vertices": 44,
      "edges": [
        [
          0,
          1
        ],
        [
          0,
          14
        ],
        [
          0,
          15
        ],
        [
          1,
          2
        ],
        [
          1,
          27
        ],
        [
          2,
          3
        ],
        [
          2,
          27
        ],
        [
          3,
          4
        ],
        [
          3,
          28
        ],
        [
          4,
          5
        ],
        [
          4,
          24
        ],
        [
          5,
          6
        ],
        [
          5,
          29
        ],
        [
          6,
          7
        ],
        [
          6,
          39
        ],
        [
          7,
          8
        ],
        [
          7,
          39
        ],
        [
          8,
          9
        ],
        [
          8,
          40
        ],
        [
          9,
          10
        ],
        [
          9,
          36
        ],
        [
          10,
          11
        ],
        [
          10,
          41
        ],
        [
          11,
          12
        ],
        [
          11,
          33
        ],
        [
          12,
          13
        ],
        [
          12,
          18
        ],
        [
          13,
          14
        ],
        [
          13,
          42
        ],
        [
          14,
          15
        ],
        [
          15,
          16
        ],
        [
          16,
          17
        ],
        [
          16,
          42
        ],
        [
          17,
          18
        ],
        [
          17,
          42
        ],
        [
          18,
          19
        ],
        [
          19,
          20
        ],
        [
          19,
          33
        ],
        [
          20,
          21
        ],
        [
          20,
          32
        ],
        [
          21,
          22
        ],
        [
          21,
          32
        ],
        [
          22,
          23
        ],
        [
          22,
          43
        ],
        [
          23,
          24
        ],
        [
          23,
          29
        ],
        [
          24,
          25
        ],
        [
          25,
          26
        ],
        [
          25,
          28
        ],
        [
          26,
          27
        ],
        [
          26,
          28
        ],
        [
          29,
          30
        ],
        [
          30,
          31
        ],
        [
          30,
          43
        ],
        [
          31,
          32
        ],
        [
          31,
          43
        ],
        [
          33,
          34
        ],
        [
          34,
          35
        ],
        [
          34,
          41
        ],
        [
          35,
          36
        ],
        [
          35,
          41
        ],
        [
          36,
          37
        ],
        [
          37,
          38
        ],
        [
          37,
          40
        ],
        [
          38,
          39
        ],
        [
          38,
          40
        ]
      ]
    }
  },
  "found_by": "pvector_walk",
  "found_at_round": 0,
  "violation_detail": "p6=0.0 < RHS=1.4118 (violation)",
  "found_at": "2026-06-11T15:55:03.467225+00:00",
  "other_candidates_not_checked": []
}