{
  "conjecture_id": "C28",
  "conjecture_latex": "if ((is_simple)  and  (f_2>=_42)), then p6 >= (0.6481481481*p3 + -2.333333333*sum_pk_after_p6 + 4.666666667)",
  "hypotheses": [
    "(is_simple)",
    "(f_2>=_42)"
  ],
  "conclusion": "p6 >= (0.6481481481*p3 + -2.333333333*sum_pk_after_p6 + 4.666666667)",
  "status": "failed",
  "counterexample": {
    "p_vector": [
      0,
      41,
      0,
      0,
      0,
      0,
      0,
      0,
      0,
      0,
      0,
      0,
      0,
      0,
      0,
      0,
      0,
      0,
      0,
      0,
      0,
      0,
      0,
      0,
      0,
      0,
      0,
      0,
      0,
      0,
      0,
      0,
      0,
      0,
      0,
      0,
      0,
      0,
      2
    ],
    "p3": 0,
    "p4": 41,
    "p5": 0,
    "p6": 0,
    "p7": 0,
    "p8": 0,
    "p9": 0,
    "p10": 0,
    "p11": 0,
    "p12": 0,
    "p13": 0,
    "p14": 0,
    "p15": 0,
    "p16": 0,
    "p17": 0,
    "p18": 0,
    "p19": 0,
    "p20": 0,
    "p21": 0,
    "p22": 0,
    "p23": 0,
    "p24": 0,
    "p25": 0,
    "p26": 0,
    "p27": 0,
    "p28": 0,
    "p29": 0,
    "p30": 0,
    "p31": 0,
    "p32": 0,
    "p33": 0,
    "p34": 0,
    "p35": 0,
    "p36": 0,
    "p37": 0,
    "p38": 0,
    "p39": 0,
    "p40": 0,
    "p41": 2,
    "f2": 43,
    "num_vertices": 82,
    "num_edges": 123,
    "witness_graph": {
      "format": "edge_list",
      "num_vertices": 82,
      "edges": [
        [
          0,
          1
        ],
        [
          0,
          2
        ],
        [
          0,
          80
        ],
        [
          1,
          3
        ],
        [
          1,
          4
        ],
        [
          2,
          3
        ],
        [
          2,
          81
        ],
        [
          3,
          5
        ],
        [
          4,
          5
        ],
        [
          4,
          6
        ],
        [
          5,
          7
        ],
        [
          6,
          7
        ],
        [
          6,
          8
        ],
        [
          7,
          9
        ],
        [
          8,
          9
        ],
        [
          8,
          10
        ],
        [
          9,
          11
        ],
        [
          10,
          11
        ],
        [
          10,
          12
        ],
        [
          11,
          13
        ],
        [
          12,
          13
        ],
        [
          12,
          14
        ],
        [
          13,
          15
        ],
        [
          14,
          15
        ],
        [
          14,
          16
        ],
        [
          15,
          17
        ],
        [
          16,
          17
        ],
        [
          16,
          18
        ],
        [
          17,
          19
        ],
        [
          18,
          19
        ],
        [
          18,
          20
        ],
        [
          19,
          21
        ],
        [
          20,
          21
        ],
        [
          20,
          22
        ],
        [
          21,
          23
        ],
        [
          22,
          23
        ],
        [
          22,
          24
        ],
        [
          23,
          25
        ],
        [
          24,
          25
        ],
        [
          24,
          26
        ],
        [
          25,
          27
        ],
        [
          26,
          27
        ],
        [
          26,
          28
        ],
        [
          27,
          29
        ],
        [
          28,
          29
        ],
        [
          28,
          30
        ],
        [
          29,
          31
        ],
        [
          30,
          31
        ],
        [
          30,
          32
        ],
        [
          31,
          33
        ],
        [
          32,
          33
        ],
        [
          32,
          34
        ],
        [
          33,
          35
        ],
        [
          34,
          35
        ],
        [
          34,
          36
        ],
        [
          35,
          37
        ],
        [
          36,
          37
        ],
        [
          36,
          38
        ],
        [
          37,
          39
        ],
        [
          38,
          39
        ],
        [
          38,
          40
        ],
        [
          39,
          41
        ],
        [
          40,
          41
        ],
        [
          40,
          42
        ],
        [
          41,
          43
        ],
        [
          42,
          43
        ],
        [
          42,
          44
        ],
        [
          43,
          45
        ],
        [
          44,
          45
        ],
        [
          44,
          46
        ],
        [
          45,
          47
        ],
        [
          46,
          47
        ],
        [
          46,
          48
        ],
        [
          47,
          49
        ],
        [
          48,
          49
        ],
        [
          48,
          50
        ],
        [
          49,
          51
        ],
        [
          50,
          51
        ],
        [
          50,
          52
        ],
        [
          51,
          53
        ],
        [
          52,
          53
        ],
        [
          52,
          54
        ],
        [
          53,
          55
        ],
        [
          54,
          55
        ],
        [
          54,
          56
        ],
        [
          55,
          57
        ],
        [
          56,
          57
        ],
        [
          56,
          58
        ],
        [
          57,
          59
        ],
        [
          58,
          59
        ],
        [
          58,
          60
        ],
        [
          59,
          61
        ],
        [
          60,
          61
        ],
        [
          60,
          62
        ],
        [
          61,
          63
        ],
        [
          62,
          63
        ],
        [
          62,
          64
        ],
        [
          63,
          65
        ],
        [
          64,
          65
        ],
        [
          64,
          66
        ],
        [
          65,
          67
        ],
        [
          66,
          67
        ],
        [
          66,
          68
        ],
        [
          67,
          69
        ],
        [
          68,
          69
        ],
        [
          68,
          70
        ],
        [
          69,
          71
        ],
        [
          70,
          71
        ],
        [
          70,
          72
        ],
        [
          71,
          73
        ],
        [
          72,
          73
        ],
        [
          72,
          74
        ],
        [
          73,
          75
        ],
        [
          74,
          75
        ],
        [
          74,
          76
        ],
        [
          75,
          77
        ],
        [
          76,
          77
        ],
        [
          76,
          78
        ],
        [
          77,
          79
        ],
        [
          78,
          79
        ],
        [
          78,
          80
        ],
        [
          79,
          81
        ],
        [
          80,
          81
        ]
      ]
    }
  },
  "found_by": "llm ce finder",
  "found_at_round": 4,
  "violation_detail": "p6=0.0 < RHS=0.0000 (violation)",
  "found_at": "2026-06-12T14:30:30.456722+00:00",
  "other_candidates_not_checked": [
    {
      "4": 42,
      "42": 2
    },
    {
      "4": 50,
      "50": 2
    },
    {
      "4": 60,
      "60": 2
    },
    {
      "4": 45,
      "45": 2
    }
  ]
}