{
  "conjecture_id": "auto_20260310_142638_43",
  "conjecture_latex": "if ((is_simple)  and  (sum_pk_k>=7 >= 1)), then p6 >= (0.7753846154*p3 + -2.153846154*sum_pk_after_p6 + 0.4307692308)",
  "hypotheses": [
    "(is_simple)",
    "(sum_pk_k>=7 >= 1)"
  ],
  "conclusion": "p6 >= (0.7753846154*p3 + -2.153846154*sum_pk_after_p6 + 0.4307692308)",
  "status": "failed",
  "counterexample": {
    "p_vector": [
      26,
      3,
      11,
      1,
      0,
      0,
      3,
      0,
      0,
      1,
      1,
      1,
      0,
      0,
      0,
      0,
      0,
      1,
      0,
      0,
      1,
      0,
      0,
      0,
      0,
      1
    ],
    "p3": 26,
    "p4": 3,
    "p5": 11,
    "p6": 1,
    "p7": 0,
    "p8": 0,
    "p9": 3,
    "p10": 0,
    "p11": 0,
    "p12": 1,
    "p13": 1,
    "p14": 1,
    "p15": 0,
    "p16": 0,
    "p17": 0,
    "p18": 0,
    "p19": 0,
    "p20": 1,
    "p21": 0,
    "p22": 0,
    "p23": 1,
    "p24": 0,
    "p25": 0,
    "p26": 0,
    "p27": 0,
    "p28": 1,
    "f2": 50,
    "num_vertices": 96,
    "num_edges": 144
  },
  "found_by": "rl_agent",
  "found_at_round": 239,
  "violation_detail": "gap=0.2062, margin=0.2062",
  "found_at": "2026-05-29T14:52:33",
  "other_candidates_not_checked": []
}