{
  "conjecture_id": "C33",
  "conjecture_latex": "if ((is_simple)  and  (f_2>=_23)), then p6 >= (2.655172414*p3 + -11*sum_pk_after_p6 + 11)",
  "hypotheses": [
    "(is_simple)",
    "(f_2>=_23)"
  ],
  "conclusion": "p6 >= (2.655172414*p3 + -11*sum_pk_after_p6 + 11)",
  "status": "failed",
  "counterexample": {
    "p_vector": [
      3,
      0,
      3,
      17
    ],
    "p3": 3,
    "p4": 0,
    "p5": 3,
    "p6": 17,
    "f2": 23,
    "num_vertices": 42,
    "num_edges": 63,
    "witness_graph": {
      "format": "edge_list",
      "num_vertices": 42,
      "edges": [
        [
          0,
          1
        ],
        [
          0,
          5
        ],
        [
          0,
          6
        ],
        [
          1,
          2
        ],
        [
          1,
          9
        ],
        [
          2,
          3
        ],
        [
          2,
          12
        ],
        [
          3,
          4
        ],
        [
          3,
          15
        ],
        [
          4,
          5
        ],
        [
          4,
          15
        ],
        [
          5,
          17
        ],
        [
          6,
          7
        ],
        [
          6,
          19
        ],
        [
          7,
          8
        ],
        [
          7,
          21
        ],
        [
          8,
          9
        ],
        [
          8,
          10
        ],
        [
          9,
          10
        ],
        [
          10,
          11
        ],
        [
          11,
          12
        ],
        [
          11,
          22
        ],
        [
          12,
          13
        ],
        [
          13,
          14
        ],
        [
          13,
          24
        ],
        [
          14,
          15
        ],
        [
          14,
          16
        ],
        [
          16,
          17
        ],
        [
          16,
          26
        ],
        [
          17,
          18
        ],
        [
          18,
          19
        ],
        [
          18,
          28
        ],
        [
          19,
          20
        ],
        [
          20,
          21
        ],
        [
          20,
          30
        ],
        [
          21,
          22
        ],
        [
          22,
          23
        ],
        [
          23,
          24
        ],
        [
          23,
          31
        ],
        [
          24,
          25
        ],
        [
          25,
          26
        ],
        [
          25,
          33
        ],
        [
          26,
          27
        ],
        [
          27,
          28
        ],
        [
          27,
          35
        ],
        [
          28,
          29
        ],
        [
          29,
          30
        ],
        [
          29,
          37
        ],
        [
          30,
          31
        ],
        [
          31,
          32
        ],
        [
          32,
          33
        ],
        [
          32,
          38
        ],
        [
          33,
          34
        ],
        [
          34,
          35
        ],
        [
          34,
          40
        ],
        [
          35,
          36
        ],
        [
          36,
          37
        ],
        [
          36,
          41
        ],
        [
          37,
          38
        ],
        [
          38,
          39
        ],
        [
          39,
          40
        ],
        [
          39,
          41
        ],
        [
          40,
          41
        ]
      ]
    }
  },
  "found_by": "boundary_enumeration",
  "found_at_round": 2,
  "violation_detail": "p6=17.0 < RHS=18.9655 (violation)",
  "found_at": "2026-06-11T15:55:28.712838+00:00",
  "other_candidates_not_checked": []
}