{
  "conjecture_id": "C24",
  "conjecture_latex": "if ((is_simple)  and  (f_2>=_34)), then p6 >= (0.7857142857*p3 + -3.142857143*sum_pk_after_p6 + 6.285714286)",
  "hypotheses": [
    "(is_simple)",
    "(f_2>=_34)"
  ],
  "conclusion": "p6 >= (0.7857142857*p3 + -3.142857143*sum_pk_after_p6 + 6.285714286)",
  "status": "failed",
  "counterexample": {
    "p_vector": [
      20,
      2,
      16,
      3,
      0,
      0,
      0,
      0,
      0,
      0,
      2,
      0,
      0,
      1,
      1,
      0,
      0,
      0,
      1,
      0,
      0,
      1
    ],
    "p3": 20,
    "p4": 2,
    "p5": 16,
    "p6": 3,
    "p7": 0,
    "p8": 0,
    "p9": 0,
    "p10": 0,
    "p11": 0,
    "p12": 0,
    "p13": 2,
    "p14": 0,
    "p15": 0,
    "p16": 1,
    "p17": 1,
    "p18": 0,
    "p19": 0,
    "p20": 0,
    "p21": 1,
    "p22": 0,
    "p23": 0,
    "p24": 1,
    "f2": 47,
    "num_vertices": 90,
    "num_edges": 135,
    "witness_graph": {
      "format": "edge_list",
      "num_vertices": 90,
      "edges": [
        [
          0,
          10
        ],
        [
          0,
          26
        ],
        [
          0,
          87
        ],
        [
          1,
          4
        ],
        [
          1,
          22
        ],
        [
          1,
          24
        ],
        [
          2,
          12
        ],
        [
          2,
          65
        ],
        [
          2,
          71
        ],
        [
          3,
          4
        ],
        [
          3,
          11
        ],
        [
          3,
          23
        ],
        [
          4,
          15
        ],
        [
          5,
          6
        ],
        [
          5,
          62
        ],
        [
          5,
          75
        ],
        [
          6,
          50
        ],
        [
          6,
          59
        ],
        [
          7,
          19
        ],
        [
          7,
          27
        ],
        [
          7,
          31
        ],
        [
          8,
          13
        ],
        [
          8,
          60
        ],
        [
          8,
          66
        ],
        [
          9,
          10
        ],
        [
          9,
          39
        ],
        [
          9,
          45
        ],
        [
          10,
          37
        ],
        [
          11,
          17
        ],
        [
          11,
          72
        ],
        [
          12,
          13
        ],
        [
          12,
          14
        ],
        [
          13,
          14
        ],
        [
          14,
          61
        ],
        [
          15,
          16
        ],
        [
          15,
          17
        ],
        [
          16,
          17
        ],
        [
          16,
          73
        ],
        [
          18,
          19
        ],
        [
          18,
          20
        ],
        [
          18,
          67
        ],
        [
          19,
          20
        ],
        [
          20,
          32
        ],
        [
          21,
          41
        ],
        [
          21,
          48
        ],
        [
          21,
          78
        ],
        [
          22,
          23
        ],
        [
          22,
          33
        ],
        [
          23,
          34
        ],
        [
          24,
          25
        ],
        [
          24,
          29
        ],
        [
          25,
          30
        ],
        [
          25,
          42
        ],
        [
          26,
          27
        ],
        [
          26,
          28
        ],
        [
          27,
          28
        ],
        [
          28,
          38
        ],
        [
          29,
          44
        ],
        [
          29,
          69
        ],
        [
          30,
          52
        ],
        [
          30,
          76
        ],
        [
          31,
          32
        ],
        [
          31,
          56
        ],
        [
          32,
          55
        ],
        [
          33,
          36
        ],
        [
          33,
          79
        ],
        [
          34,
          35
        ],
        [
          34,
          36
        ],
        [
          35,
          36
        ],
        [
          35,
          80
        ],
        [
          37,
          38
        ],
        [
          37,
          46
        ],
        [
          38,
          47
        ],
        [
          39,
          40
        ],
        [
          39,
          41
        ],
        [
          40,
          41
        ],
        [
          40,
          49
        ],
        [
          42,
          43
        ],
        [
          42,
          44
        ],
        [
          43,
          44
        ],
        [
          43,
          70
        ],
        [
          45,
          46
        ],
        [
          45,
          47
        ],
        [
          46,
          47
        ],
        [
          48,
          49
        ],
        [
          48,
          54
        ],
        [
          49,
          84
        ],
        [
          50,
          51
        ],
        [
          50,
          52
        ],
        [
          51,
          52
        ],
        [
          51,
          77
        ],
        [
          53,
          54
        ],
        [
          53,
          81
        ],
        [
          53,
          85
        ],
        [
          54,
          86
        ],
        [
          55,
          58
        ],
        [
          55,
          63
        ],
        [
          56,
          57
        ],
        [
          56,
          58
        ],
        [
          57,
          58
        ],
        [
          57,
          64
        ],
        [
          59,
          60
        ],
        [
          59,
          61
        ],
        [
          60,
          61
        ],
        [
          62,
          63
        ],
        [
          62,
          64
        ],
        [
          63,
          64
        ],
        [
          65,
          66
        ],
        [
          65,
          67
        ],
        [
          66,
          67
        ],
        [
          68,
          69
        ],
        [
          68,
          70
        ],
        [
          68,
          74
        ],
        [
          69,
          70
        ],
        [
          71,
          72
        ],
        [
          71,
          73
        ],
        [
          72,
          73
        ],
        [
          74,
          83
        ],
        [
          74,
          88
        ],
        [
          75,
          76
        ],
        [
          75,
          77
        ],
        [
          76,
          77
        ],
        [
          78,
          79
        ],
        [
          78,
          80
        ],
        [
          79,
          80
        ],
        [
          81,
          82
        ],
        [
          81,
          83
        ],
        [
          82,
          83
        ],
        [
          82,
          89
        ],
        [
          84,
          85
        ],
        [
          84,
          86
        ],
        [
          85,
          86
        ],
        [
          87,
          88
        ],
        [
          87,
          89
        ],
        [
          88,
          89
        ]
      ]
    }
  },
  "found_by": "rl ce finder",
  "found_at_round": 274,
  "violation_detail": "margin=0.1429",
  "found_at": "2026-06-12T22:03:02",
  "other_candidates_not_checked": []
}