{
  "conjecture_id": "C27",
  "conjecture_latex": "if (((is_simple)  and  (f_2>=_43))  and  (sum_pk_k>=7 >= 1)), then p6 <= (2.333333333*sum_pk_after_p6 + -4.666666667)",
  "hypotheses": [
    "((is_simple)",
    "(f_2>=_43))",
    "(sum_pk_k>=7 >= 1)"
  ],
  "conclusion": "p6 <= (2.333333333*sum_pk_after_p6 + -4.666666667)",
  "status": "failed",
  "counterexample": {
    "p_vector": [
      0,
      0,
      18,
      20,
      6
    ],
    "p3": 0,
    "p4": 0,
    "p5": 18,
    "p6": 20,
    "p7": 6,
    "f2": 44,
    "num_vertices": 84,
    "num_edges": 126,
    "witness_graph": {
      "format": "edge_list",
      "num_vertices": 84,
      "edges": [
        [
          0,
          2
        ],
        [
          0,
          11
        ],
        [
          0,
          17
        ],
        [
          1,
          2
        ],
        [
          1,
          16
        ],
        [
          1,
          52
        ],
        [
          2,
          35
        ],
        [
          3,
          4
        ],
        [
          3,
          15
        ],
        [
          3,
          28
        ],
        [
          4,
          53
        ],
        [
          4,
          58
        ],
        [
          5,
          7
        ],
        [
          5,
          19
        ],
        [
          5,
          42
        ],
        [
          6,
          7
        ],
        [
          6,
          30
        ],
        [
          6,
          54
        ],
        [
          7,
          81
        ],
        [
          8,
          13
        ],
        [
          8,
          32
        ],
        [
          8,
          72
        ],
        [
          9,
          18
        ],
        [
          9,
          39
        ],
        [
          9,
          40
        ],
        [
          10,
          11
        ],
        [
          10,
          14
        ],
        [
          10,
          36
        ],
        [
          11,
          12
        ],
        [
          12,
          13
        ],
        [
          12,
          31
        ],
        [
          13,
          21
        ],
        [
          14,
          23
        ],
        [
          14,
          43
        ],
        [
          15,
          16
        ],
        [
          15,
          45
        ],
        [
          16,
          17
        ],
        [
          17,
          46
        ],
        [
          18,
          19
        ],
        [
          18,
          49
        ],
        [
          19,
          55
        ],
        [
          20,
          22
        ],
        [
          20,
          24
        ],
        [
          20,
          26
        ],
        [
          21,
          23
        ],
        [
          21,
          25
        ],
        [
          22,
          23
        ],
        [
          22,
          44
        ],
        [
          24,
          60
        ],
        [
          24,
          61
        ],
        [
          25,
          26
        ],
        [
          25,
          73
        ],
        [
          26,
          27
        ],
        [
          27,
          59
        ],
        [
          27,
          69
        ],
        [
          28,
          29
        ],
        [
          28,
          64
        ],
        [
          29,
          30
        ],
        [
          29,
          57
        ],
        [
          30,
          76
        ],
        [
          31,
          32
        ],
        [
          31,
          47
        ],
        [
          32,
          33
        ],
        [
          33,
          34
        ],
        [
          33,
          48
        ],
        [
          34,
          66
        ],
        [
          34,
          71
        ],
        [
          35,
          36
        ],
        [
          35,
          38
        ],
        [
          36,
          37
        ],
        [
          37,
          39
        ],
        [
          37,
          41
        ],
        [
          38,
          39
        ],
        [
          38,
          51
        ],
        [
          40,
          41
        ],
        [
          40,
          42
        ],
        [
          41,
          43
        ],
        [
          42,
          63
        ],
        [
          43,
          44
        ],
        [
          44,
          62
        ],
        [
          45,
          46
        ],
        [
          45,
          67
        ],
        [
          46,
          47
        ],
        [
          47,
          48
        ],
        [
          48,
          68
        ],
        [
          49,
          50
        ],
        [
          49,
          51
        ],
        [
          50,
          53
        ],
        [
          50,
          56
        ],
        [
          51,
          52
        ],
        [
          52,
          53
        ],
        [
          54,
          55
        ],
        [
          54,
          57
        ],
        [
          55,
          56
        ],
        [
          56,
          58
        ],
        [
          57,
          58
        ],
        [
          59,
          60
        ],
        [
          59,
          74
        ],
        [
          60,
          78
        ],
        [
          61,
          62
        ],
        [
          61,
          80
        ],
        [
          62,
          63
        ],
        [
          63,
          79
        ],
        [
          64,
          67
        ],
        [
          64,
          77
        ],
        [
          65,
          66
        ],
        [
          65,
          70
        ],
        [
          65,
          75
        ],
        [
          66,
          68
        ],
        [
          67,
          68
        ],
        [
          69,
          70
        ],
        [
          69,
          73
        ],
        [
          70,
          71
        ],
        [
          71,
          72
        ],
        [
          72,
          73
        ],
        [
          74,
          75
        ],
        [
          74,
          83
        ],
        [
          75,
          77
        ],
        [
          76,
          77
        ],
        [
          76,
          82
        ],
        [
          78,
          80
        ],
        [
          78,
          83
        ],
        [
          79,
          80
        ],
        [
          79,
          81
        ],
        [
          81,
          82
        ],
        [
          82,
          83
        ]
      ]
    }
  },
  "found_by": "llm_finder",
  "found_at_round": 2,
  "violation_detail": "p6=20.0 > RHS=9.3333 (violation)",
  "found_at": "2026-06-12T14:18:00.862800+00:00",
  "other_candidates_not_checked": [
    {
      "5": 16,
      "6": 22,
      "7": 4
    },
    {
      "5": 20,
      "6": 18,
      "7": 8
    },
    {
      "5": 14,
      "6": 25,
      "7": 2
    }
  ]
}